month,median_min_nights,mean_min_nights,pct_longstay
2025-09-01,2.0,6.53,4.64
2025-10-01,2.0,6.85,4.81
2025-11-01,2.0,6.98,4.93
2025-12-01,2.0,7.11,5.06
2026-01-01,2.0,6.06,3.93
2026-02-01,2.0,6.09,4.02
2026-03-01,2.0,6.08,4.02
2026-04-01,2.0,6.06,3.99
2026-05-01,2.0,6.04,3.95
2026-06-01,2.0,5.94,3.83
2026-07-01,2.0,5.89,3.77
2026-08-01,2.0,5.85,3.75
2026-09-01,2.0,5.88,3.73
